INSERT INTO job_seekers (first_name, last_name, email, password, location, phone_number, linkedin_url) VALUES ('Aarav', 'Sharma', 'aarav.sharma@example.com', '$2a$10$19yP3sS2Mllb2aQjKSnaEO1Mt0foD8DP..Ru2v3mJuL5tC7ptzAaG', 'Mumbai', '9876543210', 'https://linkedin.com/in/aaravsharma');
INSERT INTO job_seekers (first_name, last_name, email, password, location, phone_number, linkedin_url) VALUES ('Meera', 'Iyer', 'meera.iyer@example.com', '$2a$10$LxLrvuXw.CPRXst2bgXQeeKQ2gKrg/AtQuhYYSvOnrB9KXFX/NJGK', 'Bangalore', '9998877665', 'https://linkedin.com/in/meeraiyer');
INSERT INTO job_seekers (first_name, last_name, email, password, location, phone_number, linkedin_url) VALUES ('Rohan', 'Verma', 'rohan.verma@example.com', '$2a$10$0533y7poNu1d2RhrOqG1P.m55hnQpBY6ZcpVYP83LDi3c5ErSZf3O', 'Delhi', '8887766554', 'https://linkedin.com/in/rohanverma');
INSERT INTO job_seekers (first_name, last_name, email, password, location, phone_number, linkedin_url) VALUES ('Sanya', 'Kapoor', 'sanya.kapoor@example.com', '$2a$10$AnPeBR02qTj/Ib1vMp/2M.j/Auy3KTWBWTwyk7elzhQFTkzvRYdDC', 'Hyderabad', '7776655443', 'https://linkedin.com/in/sanyakapoor');
INSERT INTO job_seekers (first_name, last_name, email, password, location, phone_number, linkedin_url) VALUES ('Aditya', 'Singh', 'aditya.singh@example.com', '$2a$10$aDHN2hdIinqLng2obZEGFuIMHFN6EA4f7RCupH787hdHHiPWSGMuO', 'Chennai', '7665544332', 'https://linkedin.com/in/adityasingh');
INSERT INTO job_seekers (first_name, last_name, email, password, location, phone_number, linkedin_url) VALUES ('Ishita', 'Nair', 'ishita.nair@example.com', '$2a$10$15vEsAZ3xHOjS6o/YkA8Xefb25Dv8RhugPEMC8F06M9KWM905DPiq', 'Pune', '7554433221', 'https://linkedin.com/in/ishitanair');
INSERT INTO job_seekers (first_name, last_name, email, password, location, phone_number, linkedin_url) VALUES ('Karthik', 'Menon', 'karthik.menon@example.com', '$2a$10$cEJXgnNMja3nddJcouYv/.2LP5d3EBGJO/DIFr3O7GO2AgOTNiGPm', 'Kolkata', '7443322110', 'https://linkedin.com/in/karthikmenon');
INSERT INTO job_seekers (first_name, last_name, email, password, location, phone_number, linkedin_url) VALUES ('Pooja', 'Chopra', 'pooja.chopra@example.com', '$2a$10$5hQv6k7bhjdwL6ofQesQquRggBUqFCj69FSgL1BPYekvORgur4vIG', 'Ahmedabad', '7332211009', 'https://linkedin.com/in/poojachopra');
INSERT INTO job_seekers (first_name, last_name, email, password, location, phone_number, linkedin_url) VALUES ('Vikram', 'Rao', 'vikram.rao@example.com', '$2a$10$MNl9Pdmd.Wg3ETCpUxHCnOfnuOyxMQccykt.X02stN5gYLJI0zRAO', 'Jaipur', '7221100988', 'https://linkedin.com/in/vikramrao');
INSERT INTO job_seekers (first_name, last_name, email, password, location, phone_number, linkedin_url) VALUES ('Neha', 'Joshi', 'neha.joshi@example.com', '$2a$10$QqW5gdBwUIF5Cb86df6gxee.P8S/qmXWf7rjQY/923aThb0/ZsuGe', 'Lucknow', '7110098777', 'https://linkedin.com/in/nehajoshi');
INSERT INTO job_seekers (first_name, last_name, email, password, location, phone_number, linkedin_url) VALUES ('Rahul', 'Mishra', 'rahul.mishra@example.com', '$2a$10$ljf8dx9VWht6HpPykQ0uO.1LN8YxJa5.136fIWOfroPhyWgiSRsri', 'Patna', '7009876665', 'https://linkedin.com/in/rahulmishra');
INSERT INTO job_seekers (first_name, last_name, email, password, location, phone_number, linkedin_url) VALUES ('Simran', 'Gupta', 'simran.gupta@example.com', '$2a$10$J11L/lnMxzpuRBayWI958eRQ9VHZ1ETk9SI9E.3RRHnLAvXXcYGPW', 'Chandigarh', '6998765544', 'https://linkedin.com/in/simrangupta');
INSERT INTO job_seekers (first_name, last_name, email, password, location, phone_number, linkedin_url) VALUES ('Arjun', 'Nayak', 'arjun.nayak@example.com', '$2a$10$YQXbkWv9o2mkrWcm7NePaeEf8X9..7x4WWDoDeofGIsg8H7uen70y', 'Bhubaneswar', '6887654433', 'https://linkedin.com/in/arjunnayak');
INSERT INTO job_seekers (first_name, last_name, email, password, location, phone_number, linkedin_url) VALUES ('Divya', 'Patel', 'divya.patel@example.com', '$2a$10$RKg.v2XEGTqkhCyJvpaejuQm/y5BecYLK9uv6u8aD10s7vQQPtCbG', 'Surat', '6776543322', 'https://linkedin.com/in/divyapatel');
INSERT INTO job_seekers (first_name, last_name, email, password, location, phone_number, linkedin_url) VALUES ('Harsh', 'Bajaj', 'harsh.bajaj@example.com', '$2a$10$F3SAjRDekO7QGy7JtRRXMOVEBLQueHoExOqmbyLwLbyia/3Vf9W0y', 'Indore', '6665432211', 'https://linkedin.com/in/harshbajaj');
INSERT INTO job_seekers (first_name, last_name, email, password, location, phone_number, linkedin_url) VALUES ('Priya', 'Saxena', 'priya.saxena@example.com', '$2a$10$9wVA69/cKoMoJ1OWRHpL2OkkHGwld3GUvdPr0mgEU7MyRoo3ICKXy', 'Nagpur', '6554321100', 'https://linkedin.com/in/priyasaxena');
INSERT INTO job_seekers (first_name, last_name, email, password, location, phone_number, linkedin_url) VALUES ('Nitin', 'Yadav', 'nitin.yadav@example.com', '$2a$10$w.Luhk96gikV05SgDyNuQOWonrqfaIDSXoiIO1MyRTFs4IIebc25u', 'Noida', '6443210099', 'https://linkedin.com/in/nitinyadav');
INSERT INTO job_seekers (first_name, last_name, email, password, location, phone_number, linkedin_url) VALUES ('Kavya', 'Reddy', 'kavya.reddy@example.com', '$2a$10$AjA5ILuDJI7rGb3bQWpQDuIQd9UOGBwsrZZkYy3.y26YtxvKU1/2u', 'Vijayawada', '6332100988', 'https://linkedin.com/in/kavyareddy');
INSERT INTO job_seekers (first_name, last_name, email, password, location, phone_number, linkedin_url) VALUES ('Rakesh', 'Goyal', 'rakesh.goyal@example.com', '$2a$10$XIzTK1Ro7fiopFDqS2IelegCcHkEX5PVo1uS.9jMvDk8uxjSD6h4m', 'Bhopal', '6221009877', 'https://linkedin.com/in/rakeshgoyal');
INSERT INTO job_seekers (first_name, last_name, email, password, location, phone_number, linkedin_url) VALUES ('Sneha', 'Malhotra', 'sneha.malhotra@example.com', '$2a$10$/T.5D.i16PTJSZswtGpRqOsKl1tGSdUTqwc8kOcJEoStD5LlRZQdW', 'Coimbatore', '6110098766', 'https://linkedin.com/in/snehamalhotra');

INSERT INTO company (company_name, industry, website, logo) VALUES 
('TechNova', 'Technology', 'https://www.technova.com', 'https://cdn.example.com/logos/technova.png'),
('MediCare', 'Healthcare', 'https://www.medicare.com', 'https://cdn.example.com/logos/medicare.png'),
('EcoBuild', 'Construction', 'https://www.ecobuild.com', 'https://cdn.example.com/logos/ecobuild.png'),
('FinTrust', 'Finance', 'https://www.fintrust.com', 'https://cdn.example.com/logos/fintrust.png'),
('AgriGrowth', 'Agriculture', 'https://www.agrigrowth.com', 'https://cdn.example.com/logos/agrigrowth.png'),
('Foodies', 'Food & Beverage', 'https://www.foodies.com', 'https://cdn.example.com/logos/foodies.png'),
('NextGen AI', 'Artificial Intelligence', 'https://www.nextgenai.com', 'https://cdn.example.com/logos/nextgenai.png'),
('EduBright', 'Education', 'https://www.edubright.com', 'https://cdn.example.com/logos/edubright.png'),
('AutoSpeed', 'Automotive', 'https://www.autospeed.com', 'https://cdn.example.com/logos/autospeed.png'),
('GreenEnergy', 'Renewable Energy', 'https://www.greenenergy.com', 'https://cdn.example.com/logos/greenenergy.png'),
('SecureNet', 'Cybersecurity', 'https://www.securenet.com', 'https://cdn.example.com/logos/securenet.png'),
('GlobalTrade', 'Import/Export', 'https://www.globaltrade.com', 'https://cdn.example.com/logos/globaltrade.png'),
('Sportify', 'Sports', 'https://www.sportify.com', 'https://cdn.example.com/logos/sportify.png'),
('StyleTrend', 'Fashion', 'https://www.styletrend.com', 'https://cdn.example.com/logos/styletrend.png'),
('RealtyHub', 'Real Estate', 'https://www.realtyhub.com', 'https://cdn.example.com/logos/realtyhub.png'),
('MediaBuzz', 'Media & Entertainment', 'https://www.mediabuzz.com', 'https://cdn.example.com/logos/mediabuzz.png'),
('LogiTrack', 'Logistics', 'https://www.logitrack.com', 'https://cdn.example.com/logos/logitrack.png'),
('PharmaCare', 'Pharmaceuticals', 'https://www.pharmacare.com', 'https://cdn.example.com/logos/pharmacare.png'),
('SpaceXplore', 'Aerospace', 'https://www.spacexplore.com', 'https://cdn.example.com/logos/spacexplore.png'),
('CodeCrafters', 'Software Development', 'https://www.codecrafters.com', 'https://cdn.example.com/logos/codecrafters.png');


INSERT INTO employers (companyid, email, password, description, contact_person, contact_number) VALUES 
(1, 'hr@technova.com', '$2a$10$J9G1Ely9sJ2L8D5/8P6hS.M6S1nYoQw1Y4rJzOeyrTFFKbg7Z6XbK', 'TechNova HR manager', 'Alice Johnson', '9876543210'),
(2, 'careers@medicare.com', '$2a$10$K0eR9X1cF4dsIzgQGHfhceT6ogS6vo/Zs56gvoGwrX1fmlY2QYx/O', 'MediCare hiring team', 'Dr. Bob Smith', '9856231470'),
(3, 'jobs@ecobuild.com', '$2a$10$B9RML6pFOPG2xmsyNJKyxuRbT2pHJRAkIz/pFxmFVYVX9rlWJeC5m', 'EcoBuild recruitment team', 'Charlie White', '9865324789'),
(4, 'hiring@fintrust.com', '$2a$10$XGlIvxPvZtP1nZT7GqO4RuFzWWwckzP7L5S5ToRKhGghsQZZB8Bje', 'FinTrust HR lead', 'David Brown', '9998887776'),
(5, 'recruitment@agrigrowth.com', '$2a$10$L8d0R1FJUpX0QH37.Yo/s.7U7Mn04pjH3GdqKMizwJZVkLfsihb6q', 'AgriGrowth talent acquisition', 'Emily Green', '9784512365'),
(6, 'careers@foodies.com', '$2a$10$hE3yZX5jXf8pZ/TnYAn/yOOzKyb/J6Tp53mQgIY6Xxhy0eJKYJieK', 'Foodies HR head', 'Frank Harris', '9647852314'),
(7, 'ai@nextgenai.com', '$2a$10$FWdPYwF0a7O0W5ZoBpN5y.5NBvJw5FLy1cH8TAVH1gP2P1wZQpG2i', 'NextGen AI recruiter', 'Grace Adams', '9753124680'),
(8, 'recruit@edubright.com', '$2a$10$H0lP9eY4S8o/kR5x.pjOYekE8RpYj79XfMZ1QoY97vC3MlZJ5BXje', 'EduBright hiring manager', 'Harry Wilson', '9874123658'),
(9, 'hr@autospeed.com', '$2a$10$A9LKmQF5JX8qYsC4pNF/oe7TQ8ZB4P1Z3H6JZPVXwYxwZL3XY7B5G', 'AutoSpeed recruitment lead', 'Ivy Clarke', '9988776655'),
(10, 'jobs@greenenergy.com', '$2a$10$LZzN1EpyX3w5P0QXJ2Y6O9zH5TJ/3LMYXZp4QJY8pB2X5Y1M6QjY2', 'GreenEnergy HR manager', 'Jack Carter', '9876541230'),
(11, 'cyber@securenet.com', '$2a$10$R9MNPXG1K3TQ8LJ5X6WZpB4N5JXwP2Y8QZVYZM6O7L3X5KJY9W0P5', 'SecureNet cybersecurity hiring', 'Kelly Moore', '9991112223'),
(12, 'export@globaltrade.com', '$2a$10$G6QJ3Y5WZP1K0L8MNXTQ94NJYVYZM5OX2LJY87WZP4QX5KJYM9B2L', 'GlobalTrade HR team', 'Liam Walker', '9754203681'),
(13, 'sports@sportify.com', '$2a$10$K3TQ8LJ5X6WZpB4N5JXwP2Y8QZVYZM6O7L3X5KJY9W0P5R9MNPXG1', 'Sportify recruitment', 'Mia Hall', '9123456789'),
(14, 'fashion@styletrend.com', '$2a$10$B9RML6pFOPG2xmsyNJKyxuRbT2pHJRAkIz/pFxmFVYVX9rlWJeC5m', 'StyleTrend hiring lead', 'Nathan Scott', '9542637810'),
(15, 'recruit@realtyhub.com', '$2a$10$XGlIvxPvZtP1nZT7GqO4RuFzWWwckzP7L5S5ToRKhGghsQZZB8Bje', 'RealtyHub HR executive', 'Olivia Martinez', '9125478362'),
(16, 'jobs@mediabuzz.com', '$2a$10$FWdPYwF0a7O0W5ZoBpN5y.5NBvJw5FLy1cH8TAVH1gP2P1wZQpG2i', 'MediaBuzz recruitment team', 'Peter Evans', '9871236540'),
(17, 'logistics@logitrack.com', '$2a$10$H0lP9eY4S8o/kR5x.pjOYekE8RpYj79XfMZ1QoY97vC3MlZJ5BXje', 'LogiTrack hiring', 'Quinn Stewart', '9753104628'),
(18, 'pharma@pharmacare.com', '$2a$10$A9LKmQF5JX8qYsC4pNF/oe7TQ8ZB4P1Z3H6JZPVXwYxwZL3XY7B5G', 'PharmaCare HR', 'Rachel Foster', '9875642310'),
(19, 'spacex@spacexplore.com', '$2a$10$LZzN1EpyX3w5P0QXJ2Y6O9zH5TJ/3LMYXZp4QJY8pB2X5Y1M6QjY2', 'SpaceXplore hiring manager', 'Samuel Reed', '9887766554'),
(20, 'software@codecrafters.com', '$2a$10$R9MNPXG1K3TQ8LJ5X6WZpB4N5JXwP2Y8QZVYZM6O7L3X5KJY9W0P5', 'CodeCrafters software hiring', 'Tina Roberts', '9975642315');

INSERT INTO job_listings (employer_id, job_title, description, location, job_type, min_salary, max_salary, posted_date, expiry_date, applicant_count, status, job_category) VALUES 
(1, 'Software Engineer', 'Develop and maintain software solutions.', 'Hyderabad', 'Full-time', 70000, 120000, NOW(), NOW() + INTERVAL '30 days', 0, 'Open', 'IT & Software'),
(2, 'Data Analyst', 'Analyze business data and generate insights.', 'Bangalore', 'Full-time', 60000, 100000, NOW(), NOW() + INTERVAL '45 days', 0, 'Open', 'Data & Analytics'),
(3, 'Machine Learning Engineer', 'Develop AI models and machine learning solutions.', 'Remote', 'Full-time', 80000, 150000, NOW(), NOW() + INTERVAL '60 days', 0, 'Open', 'AI & Machine Learning'),
(4, 'Cybersecurity Analyst', 'Protect company networks and data.', 'Delhi', 'Full-time', 75000, 130000, NOW(), NOW() + INTERVAL '50 days', 0, 'Open', 'Cybersecurity'),
(5, 'Backend Developer', 'Work on server-side applications and APIs.', 'Chennai', 'Full-time', 70000, 120000, NOW(), NOW() + INTERVAL '40 days', 0, 'Open', 'IT & Software'),
(6, 'Frontend Developer', 'Develop UI/UX and client-side applications.', 'Pune', 'Full-time', 65000, 110000, NOW(), NOW() + INTERVAL '35 days', 0, 'Open', 'IT & Software'),
(7, 'Cloud Engineer', 'Manage cloud infrastructure and deployments.', 'Hyderabad', 'Full-time', 85000, 140000, NOW(), NOW() + INTERVAL '55 days', 0, 'Open', 'Cloud Computing'),
(8, 'Marketing Manager', 'Lead digital and traditional marketing campaigns.', 'Mumbai', 'Full-time', 60000, 95000, NOW(), NOW() + INTERVAL '45 days', 0, 'Open', 'Marketing'),
(9, 'Product Manager', 'Define and oversee product strategy.', 'Bangalore', 'Full-time', 90000, 160000, NOW(), NOW() + INTERVAL '60 days', 0, 'Open', 'Product Management'),
(10, 'HR Manager', 'Manage recruitment and employee relations.', 'Kolkata', 'Full-time', 55000, 90000, NOW(), NOW() + INTERVAL '30 days', 0, 'Open', 'Human Resources'),
(11, 'UI/UX Designer', 'Design user-friendly web and mobile applications.', 'Remote', 'Full-time', 65000, 110000, NOW(), NOW() + INTERVAL '40 days', 0, 'Open', 'Design'),
(12, 'Financial Analyst', 'Provide financial reports and forecasts.', 'Delhi', 'Full-time', 70000, 120000, NOW(), NOW() + INTERVAL '50 days', 0, 'Open', 'Finance'),
(13, 'DevOps Engineer', 'Automate infrastructure and CI/CD pipelines.', 'Chennai', 'Full-time', 80000, 140000, NOW(), NOW() + INTERVAL '55 days', 0, 'Open', 'DevOps'),
(14, 'Content Writer', 'Create engaging blog and marketing content.', 'Remote', 'Part-time', 40000, 70000, NOW(), NOW() + INTERVAL '25 days', 0, 'Open', 'Content Writing'),
(15, 'Business Analyst', 'Analyze business processes and recommend improvements.', 'Bangalore', 'Full-time', 75000, 130000, NOW(), NOW() + INTERVAL '45 days', 0, 'Open', 'Business'),
(16, 'Sales Executive', 'Drive company sales and manage clients.', 'Mumbai', 'Full-time', 50000, 85000, NOW(), NOW() + INTERVAL '35 days', 0, 'Open', 'Sales'),
(17, 'Graphic Designer', 'Design marketing and branding materials.', 'Pune', 'Full-time', 60000, 100000, NOW(), NOW() + INTERVAL '30 days', 0, 'Open', 'Design'),
(18, 'AI Researcher', 'Research and develop advanced AI models.', 'Hyderabad', 'Full-time', 100000, 180000, NOW(), NOW() + INTERVAL '60 days', 0, 'Open', 'AI & Research'),
(19, 'Network Engineer', 'Manage and maintain company networks.', 'Delhi', 'Full-time', 75000, 125000, NOW(), NOW() + INTERVAL '50 days', 0, 'Open', 'Networking'),
(20, 'Customer Support Executive', 'Handle customer queries and issues.', 'Remote', 'Full-time', 45000, 80000, NOW(), NOW() + INTERVAL '30 days', 0, 'Open', 'Customer Service');

INSERT INTO requirement (job_listing_id, name) VALUES
-- Requirements for Software Engineer
(1, 'Proficiency in JavaScript'),
(1, 'Experience with Node.js'),
(1, 'Knowledge of RESTful APIs'),
(1, 'Familiarity with Docker'),

-- Requirements for Data Analyst
(2, 'Experience with SQL and databases'),
(2, 'Knowledge of data visualization tools'),
(2, 'Python or R programming skills'),
(2, 'Understanding of machine learning concepts'),

-- Requirements for Machine Learning Engineer
(3, 'Strong knowledge of TensorFlow or PyTorch'),
(3, 'Experience with deep learning algorithms'),
(3, 'Ability to preprocess large datasets'),
(3, 'Understanding of cloud-based AI deployment'),

-- Requirements for Cybersecurity Analyst
(4, 'Experience with penetration testing'),
(4, 'Knowledge of network security protocols'),
(4, 'Understanding of encryption techniques'),
(4, 'Familiarity with SIEM tools'),

-- Requirements for Backend Developer
(5, 'Experience with GoLang and Express.js'),
(5, 'Knowledge of PostgreSQL and database optimization'),
(5, 'Familiarity with GraphQL APIs'),
(5, 'Understanding of message queues (Kafka, RabbitMQ)'),

-- Requirements for Frontend Developer
(6, 'Expertise in React.js or Next.js'),
(6, 'Understanding of CSS frameworks like Tailwind'),
(6, 'Experience in state management (Redux, Zustand)'),
(6, 'Familiarity with WebAssembly'),

-- Requirements for Cloud Engineer
(7, 'Experience with AWS, Azure, or GCP'),
(7, 'Knowledge of Kubernetes and Terraform'),
(7, 'Understanding of serverless architecture'),
(7, 'Familiarity with CI/CD pipelines'),

-- Requirements for Marketing Manager
(8, 'Strong SEO knowledge'),
(8, 'Experience with social media marketing'),
(8, 'Understanding of email marketing strategies'),
(8, 'Ability to analyze campaign performance'),

-- Requirements for Product Manager
(9, 'Experience in agile development methodologies'),
(9, 'Ability to manage cross-functional teams'),
(9, 'Knowledge of product lifecycle management'),
(9, 'Strong communication and leadership skills'),

-- Requirements for HR Manager
(10, 'Experience with recruitment and hiring'),
(10, 'Knowledge of employment laws and compliance'),
(10, 'Ability to manage payroll and benefits'),
(10, 'Familiarity with HR software solutions'),

-- Requirements for UI/UX Designer
(11, 'Proficiency in Figma or Adobe XD'),
(11, 'Understanding of user psychology'),
(11, 'Experience with accessibility design'),
(11, 'Ability to conduct user testing'),

-- Requirements for Financial Analyst
(12, 'Strong Excel and financial modeling skills'),
(12, 'Knowledge of financial reporting'),
(12, 'Experience with risk analysis'),
(12, 'Understanding of investment strategies'),

-- Requirements for DevOps Engineer
(13, 'Experience with CI/CD automation'),
(13, 'Knowledge of GitOps principles'),
(13, 'Understanding of infrastructure as code'),
(13, 'Familiarity with monitoring tools (Prometheus, Grafana)'),

-- Requirements for Content Writer
(14, 'Excellent writing and editing skills'),
(14, 'SEO content writing experience'),
(14, 'Ability to research and create engaging content'),
(14, 'Familiarity with CMS platforms like WordPress'),

-- Requirements for Business Analyst
(15, 'Experience with data-driven decision making'),
(15, 'Knowledge of business process modeling'),
(15, 'Ability to create project roadmaps'),
(15, 'Familiarity with SQL for business insights'),

-- Requirements for Sales Executive
(16, 'Strong negotiation skills'),
(16, 'Experience in B2B or B2C sales'),
(16, 'Ability to build client relationships'),
(16, 'Familiarity with CRM tools'),

-- Requirements for Graphic Designer
(17, 'Proficiency in Adobe Illustrator & Photoshop'),
(17, 'Understanding of typography and branding'),
(17, 'Experience with motion graphics'),
(17, 'Ability to create social media visuals'),

-- Requirements for AI Researcher
(18, 'Experience with AI model training'),
(18, 'Strong knowledge of reinforcement learning'),
(18, 'Understanding of NLP techniques'),
(18, 'Ability to write research papers'),

-- Requirements for Network Engineer
(19, 'Knowledge of routing and switching protocols'),
(19, 'Experience with firewall configuration'),
(19, 'Understanding of SD-WAN solutions'),
(19, 'Ability to troubleshoot network issues'),

-- Requirements for Customer Support Executive
(20, 'Excellent communication skills'),
(20, 'Ability to handle customer complaints'),
(20, 'Experience with support ticketing systems'),
(20, 'Knowledge of CRM tools like Zendesk');


INSERT INTO job_seeker_skills (job_seeker_id, skill_name, skill_level) VALUES
-- Job Seeker 1 (Software Developer)
(1, 'JavaScript', 'Advanced'),
(1, 'Node.js', 'Intermediate'),
(1, 'React.js', 'Expert'),
(1, 'Docker', 'Intermediate'),

-- Job Seeker 2 (Data Analyst)
(2, 'Python', 'Advanced'),
(2, 'SQL', 'Expert'),
(2, 'Tableau', 'Intermediate'),
(2, 'Excel', 'Advanced'),

-- Job Seeker 3 (Machine Learning Engineer)
(3, 'TensorFlow', 'Expert'),
(3, 'PyTorch', 'Advanced'),
(3, 'Data Preprocessing', 'Advanced'),
(3, 'Cloud Deployment', 'Intermediate'),

-- Job Seeker 4 (Cybersecurity Specialist)
(4, 'Penetration Testing', 'Expert'),
(4, 'Network Security', 'Advanced'),
(4, 'Encryption Techniques', 'Intermediate'),
(4, 'Firewall Management', 'Advanced'),

-- Job Seeker 5 (Backend Developer)
(5, 'GoLang', 'Advanced'),
(5, 'Express.js', 'Advanced'),
(5, 'PostgreSQL', 'Expert'),
(5, 'GraphQL', 'Intermediate'),

-- Job Seeker 6 (Frontend Developer)
(6, 'HTML & CSS', 'Expert'),
(6, 'Tailwind CSS', 'Intermediate'),
(6, 'JavaScript', 'Advanced'),
(6, 'WebAssembly', 'Beginner'),

-- Job Seeker 7 (Cloud Engineer)
(7, 'AWS', 'Advanced'),
(7, 'Azure', 'Intermediate'),
(7, 'Kubernetes', 'Expert'),
(7, 'Terraform', 'Advanced'),

-- Job Seeker 8 (Marketing Manager)
(8, 'SEO Optimization', 'Expert'),
(8, 'Google Ads', 'Advanced'),
(8, 'Social Media Marketing', 'Intermediate'),
(8, 'Content Strategy', 'Advanced'),

-- Job Seeker 9 (Product Manager)
(9, 'Agile Development', 'Advanced'),
(9, 'Product Roadmaps', 'Expert'),
(9, 'Business Strategy', 'Intermediate'),
(9, 'Leadership', 'Advanced'),

-- Job Seeker 10 (HR Manager)
(10, 'Recruitment', 'Expert'),
(10, 'Payroll Management', 'Intermediate'),
(10, 'Employee Relations', 'Advanced'),
(10, 'HR Compliance', 'Advanced'),

-- Job Seeker 11 (UI/UX Designer)
(11, 'Figma', 'Expert'),
(11, 'Adobe XD', 'Intermediate'),
(11, 'Prototyping', 'Advanced'),
(11, 'User Testing', 'Advanced'),

-- Job Seeker 12 (Financial Analyst)
(12, 'Financial Modeling', 'Expert'),
(12, 'Risk Assessment', 'Advanced'),
(12, 'Investment Analysis', 'Intermediate'),
(12, 'Accounting Principles', 'Advanced'),

-- Job Seeker 13 (DevOps Engineer)
(13, 'CI/CD Pipelines', 'Expert'),
(13, 'Infrastructure as Code', 'Advanced'),
(13, 'Monitoring (Prometheus, Grafana)', 'Intermediate'),
(13, 'Cloud Automation', 'Advanced'),

-- Job Seeker 14 (Content Writer)
(14, 'Copywriting', 'Expert'),
(14, 'SEO Writing', 'Advanced'),
(14, 'WordPress CMS', 'Intermediate'),
(14, 'Editing & Proofreading', 'Advanced'),

-- Job Seeker 15 (Business Analyst)
(15, 'Data Analysis', 'Advanced'),
(15, 'Process Improvement', 'Expert'),
(15, 'SQL Queries', 'Intermediate'),
(15, 'Project Management', 'Advanced'),

-- Job Seeker 16 (Sales Executive)
(16, 'Negotiation', 'Expert'),
(16, 'Lead Generation', 'Advanced'),
(16, 'CRM Tools', 'Intermediate'),
(16, 'Presentation Skills', 'Advanced'),

-- Job Seeker 17 (Graphic Designer)
(17, 'Adobe Illustrator', 'Expert'),
(17, 'Typography', 'Advanced'),
(17, 'Motion Graphics', 'Intermediate'),
(17, 'Brand Identity Design', 'Advanced'),

-- Job Seeker 18 (AI Researcher)
(18, 'Deep Learning', 'Expert'),
(18, 'NLP', 'Advanced'),
(18, 'Reinforcement Learning', 'Intermediate'),
(18, 'Model Optimization', 'Advanced'),

-- Job Seeker 19 (Network Engineer)
(19, 'Routing & Switching', 'Advanced'),
(19, 'Firewall Configuration', 'Expert'),
(19, 'SD-WAN', 'Intermediate'),
(19, 'Network Troubleshooting', 'Advanced'),

-- Job Seeker 20 (Customer Support Executive)
(20, 'Customer Handling', 'Expert'),
(20, 'Complaint Resolution', 'Advanced'),
(20, 'Ticketing Systems', 'Intermediate'),
(20, 'CRM Software', 'Advanced');


INSERT INTO education (job_seeker_id, education_level, institution_name, field_of_study, start_year, end_year, grade) VALUES
-- Job Seeker 1 (Software Developer)
(1, 'Bachelor’s Degree', 'IIT Hyderabad', 'Computer Science', 2018, 2022, 8.5),
(1, 'Master’s Degree', 'MIT', 'Artificial Intelligence', 2022, 2024, 9.0),

-- Job Seeker 2 (Data Analyst)
(2, 'Bachelor’s Degree', 'IIM Ahmedabad', 'Data Science', 2017, 2021, 8.2),
(2, 'Certification', 'Coursera', 'Big Data Analytics', 2021, 2022, 9.3),

-- Job Seeker 3 (Machine Learning Engineer)
(3, 'Bachelor’s Degree', 'Stanford University', 'Machine Learning', 2016, 2020, 9.1),
(3, 'PhD', 'Harvard University', 'Deep Learning Research', 2020, 2025, 9.6),

-- Job Seeker 4 (Cybersecurity Specialist)
(4, 'Bachelor’s Degree', 'NIT Warangal', 'Cybersecurity', 2015, 2019, 8.8),
(4, 'Certification', 'CEH', 'Ethical Hacking', 2019, 2020, 9.5),

-- Job Seeker 5 (Backend Developer)
(5, 'Bachelor’s Degree', 'IIT Bombay', 'Software Engineering', 2017, 2021, 8.6),
(5, 'Diploma', 'Udacity', 'Backend Development', 2021, 2022, 8.9),

-- Job Seeker 6 (Frontend Developer)
(6, 'Bachelor’s Degree', 'IIT Delhi', 'Information Technology', 2016, 2020, 8.4),
(6, 'Certification', 'Google', 'Frontend Development', 2020, 2021, 9.1),

-- Job Seeker 7 (Cloud Engineer)
(7, 'Bachelor’s Degree', 'BITS Pilani', 'Cloud Computing', 2015, 2019, 8.9),
(7, 'Master’s Degree', 'AWS Academy', 'Cloud Security', 2019, 2021, 9.4),

-- Job Seeker 8 (Marketing Manager)
(8, 'Bachelor’s Degree', 'XLRI Jamshedpur', 'Marketing', 2014, 2018, 8.7),
(8, 'MBA', 'Harvard Business School', 'Digital Marketing', 2018, 2020, 9.5),

-- Job Seeker 9 (Product Manager)
(9, 'Bachelor’s Degree', 'ISB Hyderabad', 'Business Administration', 2013, 2017, 8.5),
(9, 'MBA', 'Stanford GSB', 'Product Management', 2017, 2019, 9.3),

-- Job Seeker 10 (HR Manager)
(10, 'Bachelor’s Degree', 'Symbiosis Pune', 'Human Resource Management', 2015, 2019, 8.4),
(10, 'Certification', 'LinkedIn Learning', 'HR Strategy', 2019, 2020, 9.0),

-- Job Seeker 11 (UI/UX Designer)
(11, 'Bachelor’s Degree', 'IIT Guwahati', 'Design', 2016, 2020, 8.9),
(11, 'Diploma', 'Udemy', 'User Experience Design', 2020, 2021, 9.2),

-- Job Seeker 12 (Financial Analyst)
(12, 'Bachelor’s Degree', 'London Business School', 'Finance', 2012, 2016, 8.7),
(12, 'MBA', 'Wharton School', 'Investment Banking', 2016, 2018, 9.6),

-- Job Seeker 13 (DevOps Engineer)
(13, 'Bachelor’s Degree', 'VIT Vellore', 'Software Engineering', 2015, 2019, 8.6),
(13, 'Certification', 'Kubernetes Academy', 'DevOps Automation', 2019, 2020, 9.2),

-- Job Seeker 14 (Content Writer)
(14, 'Bachelor’s Degree', 'Delhi University', 'English Literature', 2014, 2018, 8.3),
(14, 'Master’s Degree', 'JNU Delhi', 'Creative Writing', 2018, 2020, 9.1),

-- Job Seeker 15 (Business Analyst)
(15, 'Bachelor’s Degree', 'IIM Bangalore', 'Business Analytics', 2013, 2017, 8.5),
(15, 'MBA', 'MIT Sloan', 'Strategic Management', 2017, 2019, 9.4),

-- Job Seeker 16 (Sales Executive)
(16, 'Bachelor’s Degree', 'SP Jain Mumbai', 'Sales and Marketing', 2012, 2016, 8.6),
(16, 'MBA', 'INSEAD', 'Global Sales Strategy', 2016, 2018, 9.3),

-- Job Seeker 17 (Graphic Designer)
(17, 'Bachelor’s Degree', 'NIFT Delhi', 'Visual Communication', 2015, 2019, 8.9),
(17, 'Certification', 'Adobe Academy', 'Graphic Designing', 2019, 2020, 9.5),

-- Job Seeker 18 (AI Researcher)
(18, 'Bachelor’s Degree', 'IIT Madras', 'Artificial Intelligence', 2014, 2018, 9.1),
(18, 'PhD', 'University of Toronto', 'Neural Networks', 2018, 2024, 9.7),

-- Job Seeker 19 (Network Engineer)
(19, 'Bachelor’s Degree', 'BITS Goa', 'Networking', 2013, 2017, 8.8),
(19, 'Certification', 'Cisco CCNA', 'Network Security', 2017, 2018, 9.3),

-- Job Seeker 20 (Customer Support Executive)
(20, 'Bachelor’s Degree', 'Amity University', 'Customer Relationship Management', 2014, 2018, 8.5),
(20, 'Diploma', 'HubSpot Academy', 'Customer Support Excellence', 2018, 2019, 9.2);


INSERT INTO experience (job_seeker_id, job_title, company_name, location, start_date, end_date) VALUES
-- Job Seeker 1 (Software Developer)
(1, 'Software Engineer', 'Google', 'Bangalore', '2022-07-01', '2024-03-01'),
(1, 'Intern', 'Microsoft', 'Hyderabad', '2021-06-01', '2021-12-31'),

-- Job Seeker 2 (Data Analyst)
(2, 'Data Analyst', 'Deloitte', 'Mumbai', '2021-08-01', '2023-11-01'),
(2, 'Junior Data Scientist', 'TCS', 'Pune', '2019-07-01', '2021-07-31'),

-- Job Seeker 3 (Machine Learning Engineer)
(3, 'ML Engineer', 'Amazon', 'Hyderabad', '2020-06-01', '2023-08-01'),
(3, 'AI Research Intern', 'NVIDIA', 'Bangalore', '2019-01-01', '2019-06-30'),

-- Job Seeker 4 (Cybersecurity Specialist)
(4, 'Security Engineer', 'Cisco', 'Delhi', '2018-07-01', '2022-09-01'),
(4, 'Ethical Hacker', 'IBM', 'Chennai', '2022-10-01', NULL), -- Ongoing job

-- Job Seeker 5 (Backend Developer)
(5, 'Backend Developer', 'Flipkart', 'Bangalore', '2019-08-01', '2022-12-01'),
(5, 'Software Engineer', 'Infosys', 'Pune', '2023-01-01', NULL), -- Ongoing job

-- Job Seeker 6 (Frontend Developer)
(6, 'Frontend Developer', 'Adobe', 'Noida', '2017-06-01', '2021-05-31'),
(6, 'UI Developer', 'Zomato', 'Bangalore', '2021-06-01', NULL), -- Ongoing job

-- Job Seeker 7 (Cloud Engineer)
(7, 'Cloud Engineer', 'Microsoft', 'Hyderabad', '2016-07-01', '2019-08-01'),
(7, 'AWS Architect', 'Amazon Web Services', 'Bangalore', '2019-09-01', NULL), -- Ongoing job

-- Job Seeker 8 (Marketing Manager)
(8, 'Marketing Specialist', 'PepsiCo', 'Delhi', '2015-05-01', '2018-09-01'),
(8, 'Marketing Manager', 'Coca-Cola', 'Mumbai', '2018-10-01', NULL), -- Ongoing job

-- Job Seeker 9 (Product Manager)
(9, 'Associate Product Manager', 'Uber', 'San Francisco', '2014-06-01', '2017-11-01'),
(9, 'Product Manager', 'Airbnb', 'New York', '2018-01-01', NULL), -- Ongoing job

-- Job Seeker 10 (HR Manager)
(10, 'HR Executive', 'Accenture', 'Bangalore', '2013-07-01', '2017-08-01'),
(10, 'HR Manager', 'Capgemini', 'Mumbai', '2017-09-01', NULL), -- Ongoing job

-- Job Seeker 11 (UI/UX Designer)
(11, 'UI Designer', 'Netflix', 'Los Angeles', '2016-07-01', '2019-12-01'),
(11, 'Senior UX Designer', 'Spotify', 'New York', '2020-01-01', NULL), -- Ongoing job

-- Job Seeker 12 (Financial Analyst)
(12, 'Financial Analyst', 'Goldman Sachs', 'New York', '2012-08-01', '2016-07-31'),
(12, 'Investment Analyst', 'Morgan Stanley', 'London', '2016-08-01', NULL), -- Ongoing job

-- Job Seeker 13 (DevOps Engineer)
(13, 'DevOps Engineer', 'Red Hat', 'Bangalore', '2015-07-01', '2019-10-01'),
(13, 'Senior DevOps Engineer', 'Google Cloud', 'Hyderabad', '2019-11-01', NULL), -- Ongoing job

-- Job Seeker 14 (Content Writer)
(14, 'Content Writer', 'Times of India', 'Delhi', '2014-06-01', '2018-08-01'),
(14, 'Editor', 'Hindustan Times', 'Mumbai', '2018-09-01', NULL), -- Ongoing job

-- Job Seeker 15 (Business Analyst)
(15, 'Business Analyst', 'KPMG', 'Delhi', '2013-07-01', '2017-06-01'),
(15, 'Senior Business Analyst', 'EY', 'Mumbai', '2017-07-01', NULL), -- Ongoing job

-- Job Seeker 16 (Sales Executive)
(16, 'Sales Executive', 'Amazon', 'Bangalore', '2012-09-01', '2015-10-01'),
(16, 'Regional Sales Manager', 'Flipkart', 'Hyderabad', '2015-11-01', NULL), -- Ongoing job

-- Job Seeker 17 (Graphic Designer)
(17, 'Graphic Designer', 'Adobe', 'Noida', '2015-07-01', '2019-06-01'),
(17, 'Lead Designer', 'Canva', 'Sydney', '2019-07-01', NULL), -- Ongoing job

-- Job Seeker 18 (AI Researcher)
(18, 'AI Researcher', 'OpenAI', 'San Francisco', '2014-09-01', '2019-11-01'),
(18, 'Senior Researcher', 'DeepMind', 'London', '2020-01-01', NULL), -- Ongoing job

-- Job Seeker 19 (Network Engineer)
(19, 'Network Engineer', 'Cisco', 'Bangalore', '2013-07-01', '2017-06-01'),
(19, 'Senior Network Engineer', 'Juniper Networks', 'San Jose', '2017-07-01', NULL), -- Ongoing job

-- Job Seeker 20 (Customer Support Executive)
(20, 'Customer Support Executive', 'Swiggy', 'Bangalore', '2014-07-01', '2018-08-01'),
(20, 'Customer Success Manager', 'Zomato', 'Delhi', '2018-09-01', NULL); -- Ongoing job


INSERT INTO applications (job_seeker_id, job_listing_id, application_status, applied_date, cover_letter) VALUES
-- Applications for Job Listing 1
(1, 1, 'Applied', '2025-03-01 10:15:00', 'I am excited about this opportunity.'),
(2, 1, 'Interview Scheduled', '2025-03-02 11:30:00', 'Looking forward to discussing my skills.'),
(3, 1, 'Rejected', '2025-03-03 15:45:00', 'I have experience that matches the role.'),

-- Applications for Job Listing 2
(4, 2, 'Applied', '2025-03-04 09:00:00', 'I have 3 years of experience in this field.'),
(5, 2, 'Accepted', '2025-03-05 13:20:00', 'Excited to join your team!'),
(6, 2, 'Interview Scheduled', '2025-03-06 16:45:00', 'I am eager to contribute to your company.'),

-- Applications for Job Listing 3
(7, 3, 'Applied', '2025-03-07 12:30:00', 'I am a perfect fit for this role.'),
(8, 3, 'Rejected', '2025-03-08 14:10:00', 'I have skills required for this job.'),
(9, 3, 'Interview Scheduled', '2025-03-09 17:20:00', 'Looking forward to the interview.'),

-- Applications for Job Listing 4
(10, 4, 'Accepted', '2025-03-10 08:30:00', 'Thank you for considering my application.'),
(11, 4, 'Applied', '2025-03-11 11:50:00', 'I am excited to bring my expertise.'),
(12, 4, 'Rejected', '2025-03-12 15:30:00', 'I have a strong background in this domain.'),

-- Applications for Job Listing 5
(13, 5, 'Interview Scheduled', '2025-03-13 09:45:00', 'My experience aligns with the requirements.'),
(14, 5, 'Applied', '2025-03-14 14:00:00', 'I am passionate about this industry.'),
(15, 5, 'Accepted', '2025-03-15 16:10:00', 'Excited to start my journey at your firm.'),

-- Applications for Job Listing 6
(16, 6, 'Rejected', '2025-03-16 10:20:00', 'I have relevant experience.'),
(17, 6, 'Interview Scheduled', '2025-03-17 12:45:00', 'Looking forward to discussing my qualifications.'),
(18, 6, 'Applied', '2025-03-18 15:50:00', 'I am eager to contribute.'),

-- Applications for Job Listing 7
(19, 7, 'Applied', '2025-03-19 08:15:00', 'I have experience in a similar role.'),
(20, 7, 'Rejected', '2025-03-20 14:30:00', 'I am a quick learner.'),

-- Applications for Job Listing 8
(20, 8, 'Interview Scheduled', '2025-03-22 09:10:00', 'Looking forward to the hiring process.'),
(2, 8, 'Applied', '2025-03-23 13:55:00', 'I am passionate about this role.'),
(4, 8, 'Rejected', '2025-03-24 16:35:00', 'I have skills that match the job.'),

-- Applications for Job Listing 9
(5, 9, 'Accepted', '2025-03-25 11:20:00', 'Thank you for this opportunity.'),
(6, 9, 'Applied', '2025-03-26 14:10:00', 'I am highly interested in this position.'),
(7, 9, 'Interview Scheduled', '2025-03-27 18:20:00', 'Excited to speak with the hiring manager.'),

-- Applications for Job Listing 10
(8, 10, 'Rejected', '2025-03-28 10:30:00', 'I believe I can add value to your company.'),
(9, 10, 'Applied', '2025-03-29 12:40:00', 'I have experience that fits this role.'),
(3, 10, 'Accepted', '2025-03-30 15:50:00', 'Looking forward to starting my new job.'),

-- Applications for Job Listing 11
(1, 11, 'Applied', '2025-03-31 09:00:00', 'I am confident in my ability to excel.'),
(2, 11, 'Rejected', '2025-04-01 13:30:00', 'I have a strong background in this field.'),
(3, 11, 'Interview Scheduled', '2025-04-02 16:15:00', 'Looking forward to discussing my skills.'),

-- Applications for Job Listing 12
(4, 12, 'Accepted', '2025-04-03 08:45:00', 'Thank you for this opportunity.'),
(5, 12, 'Applied', '2025-04-04 11:10:00', 'I am passionate about this position.'),
(6, 12, 'Rejected', '2025-04-05 14:20:00', 'I believe I can contribute to your team.'),

-- Applications for Job Listing 13
(7, 13, 'Interview Scheduled', '2025-04-06 09:30:00', 'Looking forward to speaking with you.'),
(8, 13, 'Applied', '2025-04-07 12:50:00', 'I am excited about this opportunity.'),
(9, 13, 'Accepted', '2025-04-08 16:10:00', 'Ready to start at your company.'),

-- Applications for Job Listing 14
(10, 14, 'Applied', '2025-04-09 08:20:00', 'I am a great fit for this role.'),
(11, 14, 'Rejected', '2025-04-10 14:30:00', 'I have relevant experience in this field.'),
(12, 14, 'Interview Scheduled', '2025-04-11 17:40:00', 'Looking forward to the interview process.'),

-- Applications for Job Listing 15
(13, 15, 'Accepted', '2025-04-12 09:15:00', 'Excited to start working with your team.'),
(14, 15, 'Applied', '2025-04-13 13:40:00', 'I am eager to contribute.'),
(15, 15, 'Rejected', '2025-04-14 16:55:00', 'I have expertise in this area.');



INSERT INTO interviews (application_id, scheduled_date, interview_mode, status, interviewer_name, interview_link) VALUES
-- Scheduled Interviews
(1, '2025-03-10 10:00:00', 'Online', 'Scheduled', 'John Doe', 'https://meet.example.com/abcd1234'),
(2, '2025-03-11 11:30:00', 'Offline', 'Scheduled', 'Sarah Smith', NULL),
(3, '2025-03-12 14:00:00', 'Online', 'Scheduled', 'Michael Johnson', 'https://meet.example.com/xyz5678'),

-- Completed Interviews
(4, '2025-03-05 09:00:00', 'Offline', 'Completed', 'Emily Davis', NULL),
(5, '2025-03-06 13:00:00', 'Online', 'Completed', 'Robert Brown', 'https://meet.example.com/meet101'),
(6, '2025-03-07 15:30:00', 'Online', 'Completed', 'William Wilson', 'https://meet.example.com/interview202'),

-- Cancelled Interviews
(7, '2025-03-08 10:30:00', 'Offline', 'Cancelled', 'Linda White', NULL),
(8, '2025-03-09 12:45:00', 'Online', 'Cancelled', 'James Anderson', 'https://meet.example.com/cancelled303'),

-- More Scheduled Interviews
(9, '2025-03-15 09:00:00', 'Online', 'Scheduled', 'Mary Thomas', 'https://meet.example.com/meeting404'),
(10, '2025-03-16 11:00:00', 'Offline', 'Scheduled', 'David Martin', NULL),
(11, '2025-03-17 14:15:00', 'Online', 'Scheduled', 'Barbara Harris', 'https://meet.example.com/interview505'),
(12, '2025-03-18 16:30:00', 'Offline', 'Scheduled', 'Richard Clark', NULL),
(13, '2025-03-19 10:45:00', 'Online', 'Scheduled', 'Susan Lewis', 'https://meet.example.com/online606'),

-- More Completed Interviews
(14, '2025-03-02 09:00:00', 'Offline', 'Completed', 'Jessica Walker', NULL),
(15, '2025-03-03 13:30:00', 'Online', 'Completed', 'Daniel Allen', 'https://meet.example.com/completed707'),
(16, '2025-03-04 15:45:00', 'Online', 'Completed', 'Paul Young', 'https://meet.example.com/meeting808'),

-- More Cancelled Interviews
(17, '2025-03-06 10:00:00', 'Offline', 'Cancelled', 'Nancy King', NULL),
(18, '2025-03-07 12:00:00', 'Online', 'Cancelled', 'Mark Wright', 'https://meet.example.com/cancelled909'),

-- Additional Scheduled Interviews
(19, '2025-03-20 09:15:00', 'Online', 'Scheduled', 'Jennifer Scott', 'https://meet.example.com/new1010'),
(20, '2025-03-21 12:30:00', 'Offline', 'Scheduled', 'Andrew Hall', NULL),
(21, '2025-03-22 15:00:00', 'Online', 'Scheduled', 'Patricia Green', 'https://meet.example.com/interview1111'),
(22, '2025-03-23 10:45:00', 'Offline', 'Scheduled', 'Steven Adams', NULL),
(23, '2025-03-24 14:20:00', 'Online', 'Scheduled', 'Sarah Turner', 'https://meet.example.com/meeting1212'),

-- Final Scheduled Interviews
(24, '2025-03-25 09:30:00', 'Online', 'Scheduled', 'Christopher Baker', 'https://meet.example.com/new1313'),
(25, '2025-03-26 11:45:00', 'Offline', 'Scheduled', 'Lisa Nelson', NULL),
(26, '2025-03-27 13:10:00', 'Online', 'Scheduled', 'Matthew Carter', 'https://meet.example.com/interview1414'),
(27, '2025-03-28 15:50:00', 'Offline', 'Scheduled', 'Karen Mitchell', NULL),
(28, '2025-03-29 08:45:00', 'Online', 'Scheduled', 'Joshua Perez', 'https://meet.example.com/meeting1515'),
(29, '2025-03-30 10:15:00', 'Offline', 'Scheduled', 'Betty Roberts', NULL),
(30, '2025-03-31 12:35:00', 'Online', 'Scheduled', 'Kevin Evans', 'https://meet.example.com/new1616'),
(31, '2025-04-01 14:00:00', 'Offline', 'Scheduled', 'Brian Collins', NULL),
(32, '2025-04-02 09:10:00', 'Online', 'Scheduled', 'Deborah Stewart', 'https://meet.example.com/interview1717'),
(33, '2025-04-03 11:40:00', 'Offline', 'Scheduled', 'Edward Sanchez', NULL),
(34, '2025-04-04 13:55:00', 'Online', 'Scheduled', 'Dorothy Morris', 'https://meet.example.com/meeting1818'),
(35, '2025-04-05 15:25:00', 'Offline', 'Scheduled', 'Jeffrey Rogers', NULL),
(36, '2025-04-06 08:20:00', 'Online', 'Scheduled', 'Amanda Reed', 'https://meet.example.com/new1919'),
(37, '2025-04-07 10:30:00', 'Offline', 'Scheduled', 'Scott Cook', NULL),
(38, '2025-04-08 12:50:00', 'Online', 'Scheduled', 'Rebecca Bell', 'https://meet.example.com/interview2020'),
(39, '2025-04-09 14:15:00', 'Offline', 'Scheduled', 'Gary Murphy', NULL),
(40, '2025-04-10 16:40:00', 'Online', 'Scheduled', 'Laura Rivera', 'https://meet.example.com/meeting2121');

INSERT INTO notifications (user_id, user_type, message, is_read, created_at) VALUES
-- Unread Notifications for Job Seekers
(1, 'job_seeker', 'Your job application has been received.', FALSE, '2025-03-20 08:00:00'),
(2, 'job_seeker', 'Your resume has been viewed by an employer.', FALSE, '2025-03-21 09:30:00'),
(3, 'job_seeker', 'You have a new interview invitation for March 22, 2025.', FALSE, '2025-03-22 11:15:00'),
(4, 'job_seeker', 'Your application status has been updated to "Interview Scheduled" for March 25, 2025.', FALSE, '2025-03-23 14:45:00'),
(5, 'job_seeker', 'A new job matching your profile has been posted.', FALSE, '2025-03-24 16:10:00'),

-- Read Notifications for Job Seekers
(6, 'job_seeker', 'Your interview is scheduled for March 25, 2025.', TRUE, '2025-03-20 08:45:00'),
(7, 'job_seeker', 'Your application for "Software Engineer" was rejected.', TRUE, '2025-03-19 10:30:00'),
(8, 'job_seeker', 'Congratulations! You got the job.', TRUE, '2025-03-18 12:20:00'),
(9, 'job_seeker', 'Your profile was viewed by 5 employers.', TRUE, '2025-03-17 14:50:00'),
(10, 'job_seeker', 'Reminder: Your interview with Michael Johnson is tomorrow at 2 PM.', TRUE, '2025-03-16 16:00:00'),

-- Unread Notifications for Employers
(11, 'employer', 'A new job application has been submitted.', FALSE, '2025-03-22 09:15:00'),
(12, 'employer', 'Your job posting received 10 new views.', FALSE, '2025-03-21 10:45:00'),
(13, 'employer', 'A job seeker accepted your interview invitation.', FALSE, '2025-03-20 12:30:00'),
(14, 'employer', 'Your interview with John Doe is scheduled for March 25.', FALSE, '2025-03-19 14:00:00'),
(15, 'employer', 'A job application was withdrawn.', FALSE, '2025-03-18 16:20:00'),

-- Read Notifications for Employers
(16, 'employer', 'You have 5 new job applications.', TRUE, '2025-03-17 08:10:00'),
(17, 'employer', 'Your job posting "Data Scientist" expired.', TRUE, '2025-03-16 09:50:00'),
(18, 'employer', 'An applicant submitted an updated resume.', TRUE, '2025-03-15 11:30:00'),
(19, 'employer', 'A job seeker declined your interview invitation.', TRUE, '2025-03-14 13:40:00'),
(20, 'employer', 'Reminder: Interview with Barbara Harris is tomorrow at 2 PM.', TRUE, '2025-03-13 15:55:00'),

-- More Unread Notifications for Job Seekers
(1, 'job_seeker', 'Your profile was shortlisted for an interview.', FALSE, '2025-03-22 09:30:00'),
(3, 'job_seeker', 'A recruiter sent you a message.', FALSE, '2025-03-20 12:50:00'),
(2, 'job_seeker', 'Reminder: Your application deadline is tomorrow.', FALSE, '2025-03-19 14:20:00'),
(5, 'job_seeker', 'Your application is under review.', FALSE, '2025-03-18 16:40:00'),

-- More Read Notifications for Job Seekers
(6, 'job_seeker', 'Your interview was successfully completed.', TRUE, '2025-03-17 08:30:00'),
(7, 'job_seeker', 'Your application for "UX Designer" was accepted.', TRUE, '2025-03-16 10:15:00'),
(8, 'job_seeker', 'Your account security was updated.', TRUE, '2025-03-15 12:00:00'),
(9, 'job_seeker', 'A recruiter viewed your application.', TRUE, '2025-03-14 14:35:00'),
(3, 'job_seeker', 'Reminder: Your interview is scheduled for March 28.', TRUE, '2025-03-13 16:50:00'),

-- More Unread Notifications for Employers
(1, 'employer', 'An applicant accepted your job offer.', FALSE, '2025-03-22 10:30:00'),
(2, 'employer', 'Your job posting received 5 new applications.', FALSE, '2025-03-21 12:15:00'),
(3, 'employer', 'Your company profile was viewed by 20 job seekers.', FALSE, '2025-03-20 13:45:00'),
(4, 'employer', 'An interview is scheduled for March 30.', FALSE, '2025-03-19 15:20:00'),
(5, 'employer', 'A candidate declined your job offer.', FALSE, '2025-03-18 17:10:00'),

-- More Read Notifications for Employers
(6, 'employer', 'You received a new company review.', TRUE, '2025-03-17 09:00:00'),
(7, 'employer', 'Your job post "Marketing Manager" expired.', TRUE, '2025-03-16 10:45:00'),
(8, 'employer', 'A candidate updated their contact details.', TRUE, '2025-03-15 12:30:00'),
(9, 'employer', 'Reminder: Interview with Susan Lewis is tomorrow.', TRUE, '2025-03-14 14:55:00'),
(4, 'employer', 'An applicant withdrew their application.', TRUE, '2025-03-13 16:15:00');

